RA24,https://www.sih.gov.in/uploads/logo/20191014173647.png
RA25,https://www.sih.gov.in/uploads/logo/20191014173647.png
RA26,https://www.sih.gov.in/uploads/logo/20191014173647.png
RA27,https://www.sih.gov.in/uploads/logo/20191014173647.png
RA28,https://www.sih.gov.in/uploads/logo/20191014173647.png
CB31,https://www.sih.gov.in/uploads/logo/20181227113954.png
GL32,https://www.sih.gov.in/uploads/logo/no_image.png
CH46,https://www.sih.gov.in/uploads/logo/no_image.png
VA47,https://www.sih.gov.in/uploads/logo/no_image.png
UP49,https://www.sih.gov.in/uploads/logo/20181128160812.jpg
PU131,https://www.sih.gov.in/uploads/logo/no_image.png
UK149,https://www.sih.gov.in/uploads/logo/20181130123058.jpg
UK151,https://www.sih.gov.in/uploads/logo/20181130123058.jpg
UP176,https://www.sih.gov.in/uploads/logo/20181128160812.jpg
AK209,https://www.sih.gov.in/uploads/logo/20181122153247.jpg
AK210,https://www.sih.gov.in/uploads/logo/20181122153247.jpg
BK224,https://www.sih.gov.in/uploads/logo/20181115100535.png
BK225,https://www.sih.gov.in/uploads/logo/20181115100535.png
BK226,https://www.sih.gov.in/uploads/logo/20181115100535.png
AM289,https://www.sih.gov.in/uploads/logo/20191129180025.png
AM291,https://www.sih.gov.in/uploads/logo/20191129180025.png
SM320,https://www.sih.gov.in/uploads/logo/no_image.png
SM321,https://www.sih.gov.in/uploads/logo/no_image.png
DK1,https://www.sih.gov.in/uploads/logo/no_image.png
AK9,https://www.sih.gov.in/uploads/logo/no_image.png
AK10,https://www.sih.gov.in/uploads/logo/no_image.png
AK11,https://www.sih.gov.in/uploads/logo/no_image.png
AK12,https://www.sih.gov.in/uploads/logo/no_image.png
AK13,https://www.sih.gov.in/uploads/logo/no_image.png
AK15,https://www.sih.gov.in/uploads/logo/no_image.png
AK16,https://www.sih.gov.in/uploads/logo/no_image.png
MK21,https://www.sih.gov.in/uploads/logo/no_image.png
MK23,https://www.sih.gov.in/uploads/logo/no_image.png
AS33,https://www.sih.gov.in/uploads/logo/no_image.png
AS37,https://www.sih.gov.in/uploads/logo/no_image.png
AS38,https://www.sih.gov.in/uploads/logo/no_image.png
AS39,https://www.sih.gov.in/uploads/logo/no_image.png
SS41,https://www.sih.gov.in/uploads/logo/no_image.png
SS42,https://www.sih.gov.in/uploads/logo/no_image.png
SS43,https://www.sih.gov.in/uploads/logo/no_image.png
SS45,https://www.sih.gov.in/uploads/logo/no_image.png
AG50,https://www.sih.gov.in/uploads/logo/no_image.png
AG51,https://www.sih.gov.in/uploads/logo/no_image.png
RK54,https://www.sih.gov.in/uploads/logo/no_image.png
RK55,https://www.sih.gov.in/uploads/logo/no_image.png
RK57,https://www.sih.gov.in/uploads/logo/no_image.png
RK58,https://www.sih.gov.in/uploads/logo/no_image.png
RK59,https://www.sih.gov.in/uploads/logo/no_image.png
RK60,https://www.sih.gov.in/uploads/logo/no_image.png
RK61,https://www.sih.gov.in/uploads/logo/no_image.png
RK62,https://www.sih.gov.in/uploads/logo/no_image.png
SG64,https://www.sih.gov.in/uploads/logo/no_image.png
BC71,https://www.sih.gov.in/uploads/logo/20191024115532.png
BC74,https://www.sih.gov.in/uploads/logo/20191024115532.png
BC76,https://www.sih.gov.in/uploads/logo/20191024115532.png
BC77,https://www.sih.gov.in/uploads/logo/20191024115532.png
BC78,https://www.sih.gov.in/uploads/logo/20191024115532.png
BC79,https://www.sih.gov.in/uploads/logo/20191024115532.png
DM83,https://www.sih.gov.in/uploads/logo/no_image.png
DM84,https://www.sih.gov.in/uploads/logo/no_image.png
PC86,https://www.sih.gov.in/uploads/logo/20191014230506.png
PC87,https://www.sih.gov.in/uploads/logo/20191014230506.png
DS90,https://www.sih.gov.in/uploads/logo/20191028140456.jpg
MK91,https://www.sih.gov.in/uploads/logo/no_image.png
MK95,https://www.sih.gov.in/uploads/logo/no_image.png
MK100,https://www.sih.gov.in/uploads/logo/no_image.png
MK103,https://www.sih.gov.in/uploads/logo/no_image.png
MK104,https://www.sih.gov.in/uploads/logo/no_image.png
MK105,https://www.sih.gov.in/uploads/logo/no_image.png
CK107,https://www.sih.gov.in/uploads/logo/20191211151605.png
CK108,https://www.sih.gov.in/uploads/logo/20191211151605.png
SB109,https://www.sih.gov.in/uploads/logo/no_image.png
DR111,https://www.sih.gov.in/uploads/logo/no_image.png
DR112,https://www.sih.gov.in/uploads/logo/no_image.png
DR113,https://www.sih.gov.in/uploads/logo/no_image.png
CK115,https://www.sih.gov.in/uploads/logo/20191211151605.png
CK116,https://www.sih.gov.in/uploads/logo/20191211151605.png
AS118,https://www.sih.gov.in/uploads/logo/no_image.png
AS119,https://www.sih.gov.in/uploads/logo/no_image.png
AS120,https://www.sih.gov.in/uploads/logo/no_image.png
AS121,https://www.sih.gov.in/uploads/logo/no_image.png
AS122,https://www.sih.gov.in/uploads/logo/no_image.png
AS123,https://www.sih.gov.in/uploads/logo/no_image.png
AS124,https://www.sih.gov.in/uploads/logo/no_image.png
DB126,https://www.sih.gov.in/uploads/logo/20191130110355.jpg
AJ128,https://www.sih.gov.in/uploads/logo/no_image.png
AJ129,https://www.sih.gov.in/uploads/logo/no_image.png
CK132,https://www.sih.gov.in/uploads/logo/20191211151605.png
SS134,https://www.sih.gov.in/uploads/logo/no_image.png
DR135,https://www.sih.gov.in/uploads/logo/no_image.png
CK139,https://www.sih.gov.in/uploads/logo/20191211151605.png
KB141,https://www.sih.gov.in/uploads/logo/no_image.png
KB145,https://www.sih.gov.in/uploads/logo/no_image.png
CK146,https://www.sih.gov.in/uploads/logo/20191211151605.png
PD150,https://www.sih.gov.in/uploads/logo/no_image.png
SK153,https://www.sih.gov.in/uploads/logo/no_image.png
SK155,https://www.sih.gov.in/uploads/logo/no_image.png
DS157,https://www.sih.gov.in/uploads/logo/20191028140456.jpg
DS159,https://www.sih.gov.in/uploads/logo/20191028140456.jpg
DS163,https://www.sih.gov.in/uploads/logo/20191028140456.jpg
DS164,https://www.sih.gov.in/uploads/logo/20191028140456.jpg
DS165,https://www.sih.gov.in/uploads/logo/20191028140456.jpg
BK169,https://www.sih.gov.in/uploads/logo/no_image.png
DS170,https://www.sih.gov.in/uploads/logo/20191028140456.jpg
DS171,https://www.sih.gov.in/uploads/logo/20191028140456.jpg
DA178,https://www.sih.gov.in/uploads/logo/no_image.png
PG179,https://www.sih.gov.in/uploads/logo/no_image.png
DK180,https://www.sih.gov.in/uploads/logo/20191206110247.jpg
DK181,https://www.sih.gov.in/uploads/logo/20191206110247.jpg
DK182,https://www.sih.gov.in/uploads/logo/20191206110247.jpg
KB186,https://www.sih.gov.in/uploads/logo/no_image.png
KB189,https://www.sih.gov.in/uploads/logo/no_image.png
KB196,https://www.sih.gov.in/uploads/logo/no_image.png
KB198,https://www.sih.gov.in/uploads/logo/no_image.png
MK199,https://www.sih.gov.in/uploads/logo/no_image.png
MK200,https://www.sih.gov.in/uploads/logo/no_image.png
MK202,https://www.sih.gov.in/uploads/logo/no_image.png
MK203,https://www.sih.gov.in/uploads/logo/no_image.png
MK204,https://www.sih.gov.in/uploads/logo/no_image.png
MK205,https://www.sih.gov.in/uploads/logo/no_image.png
MK206,https://www.sih.gov.in/uploads/logo/no_image.png
MK207,https://www.sih.gov.in/uploads/logo/no_image.png
MK208,https://www.sih.gov.in/uploads/logo/no_image.png
SK213,https://www.sih.gov.in/uploads/logo/no_image.png
SK215,https://www.sih.gov.in/uploads/logo/no_image.png
SK216,https://www.sih.gov.in/uploads/logo/no_image.png
KB219,https://www.sih.gov.in/uploads/logo/no_image.png
PJ234,https://www.sih.gov.in/uploads/logo/no_image.png
PJ235,https://www.sih.gov.in/uploads/logo/no_image.png
PJ239,https://www.sih.gov.in/uploads/logo/no_image.png
PJ240,https://www.sih.gov.in/uploads/logo/no_image.png
AR244,https://www.sih.gov.in/uploads/logo/no_image.png
AR245,https://www.sih.gov.in/uploads/logo/no_image.png
AR247,https://www.sih.gov.in/uploads/logo/no_image.png
AR256,https://www.sih.gov.in/uploads/logo/no_image.png
DN262,https://www.sih.gov.in/uploads/logo/no_image.png
NS269,https://www.sih.gov.in/uploads/logo/no_image.png
NS270,https://www.sih.gov.in/uploads/logo/no_image.png
MS331,https://www.sih.gov.in/uploads/logo/no_image.png
MS332,https://www.sih.gov.in/uploads/logo/no_image.png
MS333,https://www.sih.gov.in/uploads/logo/no_image.png
MS334,https://www.sih.gov.in/uploads/logo/no_image.png
MS335,https://www.sih.gov.in/uploads/logo/no_image.png
MS336,https://www.sih.gov.in/uploads/logo/no_image.png
MS337,https://www.sih.gov.in/uploads/logo/no_image.png
MS338,https://www.sih.gov.in/uploads/logo/no_image.png
MS339,https://www.sih.gov.in/uploads/logo/no_image.png
MS340,https://www.sih.gov.in/uploads/logo/no_image.png
MS342,https://www.sih.gov.in/uploads/logo/no_image.png
NM370,https://www.sih.gov.in/uploads/logo/no_image.png
NM371,https://www.sih.gov.in/uploads/logo/no_image.png
NM372,https://www.sih.gov.in/uploads/logo/no_image.png
NM373,https://www.sih.gov.in/uploads/logo/no_image.png
NM374,https://www.sih.gov.in/uploads/logo/no_image.png
NM377,https://www.sih.gov.in/uploads/logo/no_image.png
NM378,https://www.sih.gov.in/uploads/logo/no_image.png
NM380,https://www.sih.gov.in/uploads/logo/no_image.png
NM381,https://www.sih.gov.in/uploads/logo/no_image.png
LN382,https://www.sih.gov.in/uploads/logo/no_image.png
NM383,https://www.sih.gov.in/uploads/logo/no_image.png
NM385,https://www.sih.gov.in/uploads/logo/no_image.png
NM386,https://www.sih.gov.in/uploads/logo/no_image.png
NM387,https://www.sih.gov.in/uploads/logo/no_image.png
NM388,https://www.sih.gov.in/uploads/logo/no_image.png
NM389,https://www.sih.gov.in/uploads/logo/no_image.png
NM390,https://www.sih.gov.in/uploads/logo/no_image.png
NM391,https://www.sih.gov.in/uploads/logo/no_image.png
NM392,https://www.sih.gov.in/uploads/logo/no_image.png
NM393,https://www.sih.gov.in/uploads/logo/no_image.png
NM394,https://www.sih.gov.in/uploads/logo/no_image.png
NM395,https://www.sih.gov.in/uploads/logo/no_image.png
NM396,https://www.sih.gov.in/uploads/logo/no_image.png
NM397,https://www.sih.gov.in/uploads/logo/no_image.png
NM398,https://www.sih.gov.in/uploads/logo/no_image.png
NM399,https://www.sih.gov.in/uploads/logo/no_image.png
NM400,https://www.sih.gov.in/uploads/logo/no_image.png
NM401,https://www.sih.gov.in/uploads/logo/no_image.png
NM402,https://www.sih.gov.in/uploads/logo/no_image.png
NM403,https://www.sih.gov.in/uploads/logo/no_image.png
NM404,https://www.sih.gov.in/uploads/logo/no_image.png
NM405,https://www.sih.gov.in/uploads/logo/no_image.png
NM406,https://www.sih.gov.in/uploads/logo/no_image.png
